solutions,num_params,operations_size,operands_size,epochs,crossovers,mutations,kills,error_calc,train_size,train_best_score,train_sum_scores,train_max_scores,train_min_scores,train_stdev_scores,test_size,test_best_score,latex_string,treatment
100,2,5,5,200,80,15,20,MSE,134,14552.95553,3.51053E+12,3.51024E+12,14552.95553,3.51024E+11,66,10786.99858,(\big [ \big (Y<X\big )\rightarrow \big (X\big ) ? \big (Y\big ) \big ]+\sqrt{\lvert \big [ \big (Y<X\big )\rightarrow \big (X\big ) ? \big (Y\big ) \big ]\lvert }),keep
100,2,5,5,200,80,15,20,MSE,134,11400.15063,7.07145E+11,5.91758E+11,11400.15063,60175535702,66,8048.628401,(\sqrt{\lvert X\lvert }+(\sqrt{\lvert X\lvert }+\big [ \big (X>Y\big )\rightarrow \big (X\big ) ? \big (Y\big ) \big ])),keep
100,2,5,5,200,80,15,20,MSE,134,18882.94156,19680690.28,5543751.578,18882.94156,598630.9782,66,14621.91449,\big [ \big (\big [ \big (\big [ \big (X>Y\big )\rightarrow \big (X\big ) ? \big (Y\big ) \big ]==\frac{Y}{Y}\big )\rightarrow \big ((\frac{Y}{Y}+\big [ \big (X>Y\big )\rightarrow \big (X\big ) ? \big (Y\big ) \big ])\big ) ? \big ((\frac{Y}{Y}+\big [ \big (X>Y\big )\rightarrow \big (X\big ) ? \big (Y\big ) \big ])\big ) \big ]<(\frac{Y}{Y}+\big [ \big (X>Y\big )\rightarrow \big (X\big ) ? \big (Y\big ) \big ])\big )\rightarrow \big (\big [ \big (\big [ \big (X>Y\big )\rightarrow \big (X\big ) ? \big (Y\big ) \big ]==\frac{Y}{Y}\big )\rightarrow \big ((\frac{Y}{Y}+\big [ \big (X>Y\big )\rightarrow \big (X\big ) ? \big (Y\big ) \big ])\big ) ? \big ((\frac{Y}{Y}+\big [ \big (X>Y\big )\rightarrow \big (X\big ) ? \big (Y\big ) \big ])\big ) \big ]\big ) ? \big ((\frac{Y}{Y}+\big [ \big (X>Y\big )\rightarrow \big (X\big ) ? \big (Y\big ) \big ])\big ) \big ],keep
100,2,5,5,200,80,15,20,MSE,134,16722.71804,1.14423E+11,1.14394E+11,16722.71804,11439335977,66,12540.61041,\big [ \big (X>(\sqrt{\lvert Y\lvert }+Y)\big )\rightarrow \big (X\big ) ? \big ((\sqrt{\lvert Y\lvert }+Y)\big ) \big ],keep
100,2,5,5,200,80,15,20,MSE,134,11365.54328,4.51E+22,4.51E+22,11365.54328,4.51E+21,66,8072.291804,(\sqrt{\lvert ((Y+X)+(Y+X))\lvert }+\big [ \big (X<Y\big )\rightarrow \big (Y\big ) ? \big (X\big ) \big ]),keep
100,2,5,5,400,80,15,20,MSE,134,14552.95553,5.73935E+11,5.73921E+11,14552.95553,57392049622,66,10786.99858,(\sqrt{\lvert \big [ \big (X<Y\big )\rightarrow \big (Y\big ) ? \big (X\big ) \big ]\lvert }+\big [ \big (X<Y\big )\rightarrow \big (Y\big ) ? \big (X\big ) \big ]),keep
100,2,5,5,400,80,15,20,MSE,134,11407.72044,1932017397,1675894113,11407.72044,169134451.8,66,7974.82209,(\frac{(\big [ \big (Y>X\big )\rightarrow \big (Y\big ) ? \big (X\big ) \big ]+\big [ \big (Y>X\big )\rightarrow \big (Y\big ) ? \big (X\big ) \big ])}{\sqrt{\lvert \big [ \big (Y>X\big )\rightarrow \big (Y\big ) ? \big (X\big ) \big ]\lvert }}+\big [ \big (Y>X\big )\rightarrow \big (Y\big ) ? \big (X\big ) \big ]),keep
100,2,5,5,400,80,15,20,MSE,134,14728.51419,1.15052E+11,1.15038E+11,14728.51419,11503783714,66,10964.91819,\big [ \big (Y<\sqrt{\lvert X\lvert }\big )\rightarrow \big (X\big ) ? \big ((\big [ \big (Y>X\big )\rightarrow \big (Y\big ) ? \big (X\big ) \big ]--(\sqrt{\lvert X\lvert }))\big ) \big ],keep
100,2,5,5,400,80,15,20,MSE,134,18074.95046,1.15398E+11,1.15375E+11,18074.95046,11537506795,66,12280.79229,((\frac{X}{X}+(Y\cdot \cos (\frac{X}{X})))+X),keep
100,2,5,5,400,80,15,20,MSE,134,14549.0678,7.25E+16,7.25E+16,14549.0678,7.25449E+15,66,10786.99858,\big [ \big (Y==\sqrt{\lvert Y\lvert }\big )\rightarrow \big (\big [ \big (Y<X\big )\rightarrow \big (X\big ) ? \big (Y\big ) \big ]\big ) ? \big ((\big [ \big (Y<X\big )\rightarrow \big (X\big ) ? \big (Y\big ) \big ]+\sqrt{\lvert \big [ \big (Y<X\big )\rightarrow \big (X\big ) ? \big (Y\big ) \big ]\lvert })\big ) \big ],keep
100,2,5,5,600,80,15,20,MSE,134,11365.54328,3.47118E+13,3.4274E+13,11365.54328,3.42709E+12,66,8072.291804,(\sqrt{\lvert ((X+Y)+(X+Y))\lvert }+\big [ \big (X>Y\big )\rightarrow \big (X\big ) ? \big (Y\big ) \big ]),keep
100,2,5,5,600,80,15,20,MSE,134,11365.54328,7.14E+16,7.14E+16,11365.54328,7.14076E+15,66,8072.291804,(\big [ \big (X<Y\big )\rightarrow \big (Y\big ) ? \big (X\big ) \big ]+\sqrt{\lvert ((Y+X)+(Y+X))\lvert }),keep
100,2,5,5,600,80,15,20,MSE,134,13139.42988,1.14411E+11,1.14394E+11,13139.42988,11439347434,66,9545.757487,(\big [ \big (Y>X\big )\rightarrow \big (Y\big ) ? \big (X\big ) \big ]+\sqrt{\lvert (X+\big [ \big (Y>X\big )\rightarrow \big (Y\big ) ? \big (X\big ) \big ])\lvert }),keep
100,2,5,5,600,80,15,20,MSE,134,14552.95553,3.33633E+11,2.1889E+11,14552.95553,24610616474,66,10786.99858,(\big [ \big (X<Y\big )\rightarrow \big (Y\big ) ? \big (X\big ) \big ]+\sqrt{\lvert -(\big [ \big (X<Y\big )\rightarrow \big (Y\big ) ? \big (X\big ) \big ])\lvert }),keep
100,2,5,5,600,80,15,20,MSE,134,11365.54328,1.2848E+12,8.78218E+11,11365.54328,91971074568,66,8072.291804,(\sqrt{\lvert ((Y+X)+(Y+X))\lvert }+\big [ \big (X<Y\big )\rightarrow \big (Y\big ) ? \big (X\big ) \big ]),keep
100,2,5,5,800,80,15,20,MSE,134,14739.70794,241646569.3,231273809.9,14739.70794,23117958.24,66,10971.38659,\big [ \big ((\sqrt{\lvert X\lvert }+Y)<(X+\sqrt{\lvert X\lvert })\big )\rightarrow \big ((X+\sqrt{\lvert X\lvert })\big ) ? \big ((\sqrt{\lvert X\lvert }+Y)\big ) \big ],keep
100,2,5,5,800,80,15,20,MSE,134,14552.95553,3.43199E+11,1.14394E+11,14552.95553,19612370660,66,10786.99858,(\big [ \big (Y<X\big )\rightarrow \big (X\big ) ? \big (Y\big ) \big ]+\big [ \big (Y>\big [ \big (Y<X\big )\rightarrow \big (X\big ) ? \big (Y\big ) \big ]\big )\rightarrow \big (\big [ \big (Y<X\big )\rightarrow \big (X\big ) ? \big (Y\big ) \big ]\big ) ? \big (\sqrt{\lvert \big [ \big (Y<X\big )\rightarrow \big (X\big ) ? \big (Y\big ) \big ]\lvert }\big ) \big ]),keep
100,2,5,5,800,80,15,20,MSE,134,1394.778055,5.89285E+11,4.58537E+11,1394.778055,46911438618,66,1185.940737,(X+\frac{(Y\cdot Y)}{(Y+X)}),keep
100,2,5,5,800,80,15,20,MSE,134,11365.54328,12289581.18,912581.97,11365.54328,241277.3784,66,8072.291804,(\sqrt{\lvert ((X+Y)+(X+Y))\lvert }+\big [ \big (Y<X\big )\rightarrow \big (X\big ) ? \big (Y\big ) \big ]),keep
100,2,5,5,800,80,15,20,MSE,134,11286.9336,5.5254E+11,2.1889E+11,11286.9336,32711691712,66,8040.4941,((\sqrt{\lvert X\lvert }+\big [ \big (Y>X\big )\rightarrow \big (Y\big ) ? \big (X\big ) \big ])+\sqrt{\lvert Y\lvert }),keep
100,2,5,5,1000,80,15,20,MSE,134,11282.44359,5.91785E+11,5.91758E+11,11282.44359,59175769439,66,7919.076654,(\sqrt{\lvert (\big [ \big (Y>X\big )\rightarrow \big (Y\big ) ? \big (X\big ) \big ]+\sqrt{\lvert X\lvert })\lvert }+(\big [ \big (Y>X\big )\rightarrow \big (Y\big ) ? \big (X\big ) \big ]+\sqrt{\lvert X\lvert })),keep
100,2,5,5,1000,80,15,20,MSE,134,9354.443063,4.33719E+11,2.1889E+11,9354.443063,30509025045,66,6345.300866,((\big [ \big (X>Y\big )\rightarrow \big (X\big ) ? \big (Y\big ) \big ]+\sqrt{\lvert (Y+X)\lvert })+\sqrt{\lvert (Y+X)\lvert }),keep
100,2,5,5,1000,80,15,20,MSE,134,9354.443063,4.26626E+11,2.1889E+11,9354.443063,26181580568,66,6345.300866,(\sqrt{\lvert (Y+X)\lvert }+(\big [ \big (Y<X\big )\rightarrow \big (X\big ) ? \big (Y\big ) \big ]+\sqrt{\lvert (Y+X)\lvert })),keep
100,2,5,5,1000,80,15,20,MSE,134,14552.95553,135232827.5,123650183.6,14552.95553,12355512.31,66,10786.99858,(\sqrt{\lvert \big [ \big (Y<X\big )\rightarrow \big (X\big ) ? \big (Y\big ) \big ]\lvert }+\big [ \big (Y<X\big )\rightarrow \big (X\big ) ? \big (Y\big ) \big ]),keep
100,2,5,5,1000,80,15,20,MSE,134,11365.54328,5.62133E+11,2.1889E+11,11365.54328,29132602200,66,8072.291804,(\big [ \big (X<Y\big )\rightarrow \big (Y\big ) ? \big (X\big ) \big ]+\sqrt{\lvert ((X+Y)+(X+Y))\lvert }),keep
100,2,5,10,200,80,15,20,MSE,134,14785.36223,1.14422E+11,1.14394E+11,14785.36223,11439336687,66,11107.44883,\big [ \big ((X+\sqrt{\lvert ((X+Y)+(X+Y))\lvert })<Y\big )\rightarrow \big (Y\big ) ? \big ((X+\sqrt{\lvert ((X+Y)+(X+Y))\lvert })\big ) \big ],keep
100,2,5,10,200,80,15,20,MSE,134,16888.89471,4.52E+22,4.52E+22,16888.89471,4.52E+21,66,13006.57137,\big [ \big ((\sqrt{\lvert Y\lvert }+X)>\big [ \big (Y>X\big )\rightarrow \big (Y\big ) ? \big (Y\big ) \big ]\big )\rightarrow \big ((\sqrt{\lvert Y\lvert }+X)\big ) ? \big (\big [ \big (Y>X\big )\rightarrow \big (Y\big ) ? \big (Y\big ) \big ]\big ) \big ],keep
100,2,5,10,200,80,15,20,MSE,134,10135.855,7.05963E+11,5.90882E+11,10135.855,60083476493,66,6718.38601,\frac{\big [ \big (Y>X\big )\rightarrow \big (Y\big ) ? \big (X\big ) \big ]}{\sin (\frac{(Y+\big [ \big (Y>X\big )\rightarrow \big (Y\big ) ? \big (X\big ) \big ])}{(Y+\big [ \big (Y>X\big )\rightarrow \big (Y\big ) ? \big (X\big ) \big ])})},keep
100,2,5,10,200,80,15,20,MSE,134,14552.95553,1.60E+17,1.60E+17,14552.95553,1.60E+16,66,10786.99858,(\sqrt{\lvert \big [ \big (X>Y\big )\rightarrow \big (X\big ) ? \big (Y\big ) \big ]\lvert }+\big [ \big (X>Y\big )\rightarrow \big (X\big ) ? \big (\big [ \big (X>Y\big )\rightarrow \big (X\big ) ? \big (Y\big ) \big ]\big ) \big ]),keep
100,2,5,10,200,80,15,20,MSE,134,4936.917982,327876305.1,309394307.9,4936.917982,30927814.03,66,3310.224712,(\sqrt{\lvert (X\cdot \sqrt{\lvert Y\lvert })\lvert }+\big [ \big (Y>X\big )\rightarrow \big (Y\big ) ? \big (X\big ) \big ]),keep
100,2,5,10,400,80,15,20,MSE,134,14527.79921,11630446.61,1950079.094,14527.79921,272434.546,66,10783.6726,\big [ \big (X<\sqrt{\lvert \big [ \big (Y>X\big )\rightarrow \big (Y\big ) ? \big (X\big ) \big ]\lvert }\big )\rightarrow \big (Y\big ) ? \big ((\big [ \big (Y>X\big )\rightarrow \big (Y\big ) ? \big (X\big ) \big ]+\sqrt{\lvert \big [ \big (Y>X\big )\rightarrow \big (Y\big ) ? \big (X\big ) \big ]\lvert })\big ) \big ],keep
100,2,5,10,400,80,15,20,MSE,134,15944.56539,542215971.9,506448405.2,15944.56539,50639849.75,66,11786.36377,\big [ \big (\big [ \big (\sqrt{\lvert (Y+Y)\lvert }==(Y+\sqrt{\lvert (Y+Y)\lvert })\big )\rightarrow \big ((Y+Y)\big ) ? \big ((Y+\sqrt{\lvert (Y+Y)\lvert })\big ) \big ]>X\big )\rightarrow \big ((Y+\sqrt{\lvert (Y+Y)\lvert })\big ) ? \big (X\big ) \big ],keep
100,2,5,10,400,80,15,20,MSE,134,13083.54021,2.11764E+11,83023214639,13083.54021,12305554416,66,9476.730612,(\sqrt{\lvert (\big [ \big (Y>X\big )\rightarrow \big (Y\big ) ? \big (X\big ) \big ]+\big [ \big (Y>X\big )\rightarrow \big (Y\big ) ? \big (X\big ) \big ])\lvert }+\big [ \big (Y>X\big )\rightarrow \big (Y\big ) ? \big (X\big ) \big ]),keep
100,2,5,10,400,80,15,20,MSE,134,14527.79921,5.59634E+11,2.03285E+11,14527.79921,30838316594,66,10783.6726,\big [ \big (X<\sqrt{\lvert \big [ \big (Y>X\big )\rightarrow \big (Y\big ) ? \big (X\big ) \big ]\lvert }\big )\rightarrow \big (\big [ \big (Y<\big [ \big (Y>X\big )\rightarrow \big (Y\big ) ? \big (X\big ) \big ]\big )\rightarrow \big (\big [ \big (Y>X\big )\rightarrow \big (Y\big ) ? \big (X\big ) \big ]\big ) ? \big (Y\big ) \big ]\big ) ? \big ((\sqrt{\lvert \big [ \big (Y>X\big )\rightarrow \big (Y\big ) ? \big (X\big ) \big ]\lvert }+\big [ \big (Y>X\big )\rightarrow \big (Y\big ) ? \big (X\big ) \big ])\big ) \big ],keep
100,2,5,10,400,80,15,20,MSE,134,14552.95553,1.15404E+11,1.15375E+11,14552.95553,11537500890,66,10786.99858,\big [ \big ((\sqrt{\lvert X\lvert }+X)<(\sqrt{\lvert Y\lvert }+Y)\big )\rightarrow \big ((\sqrt{\lvert Y\lvert }+Y)\big ) ? \big ((\sqrt{\lvert X\lvert }+X)\big ) \big ],keep
100,2,5,10,600,80,15,20,MSE,134,13083.54021,15331431.4,1950079.094,13083.54021,341989.9059,66,9476.730612,(\big [ \big (Y<X\big )\rightarrow \big (X\big ) ? \big (Y\big ) \big ]+\sqrt{\lvert (\big [ \big (Y<X\big )\rightarrow \big (X\big ) ? \big (Y\big ) \big ]+\big [ \big (Y<X\big )\rightarrow \big (X\big ) ? \big (Y\big ) \big ])\lvert }),keep
100,2,5,10,600,80,15,20,MSE,134,13083.54021,14261502.51,1950079.094,13083.54021,337414.3905,66,9476.730612,(\sqrt{\lvert (\big [ \big (X>Y\big )\rightarrow \big (X\big ) ? \big (Y\big ) \big ]--(\big [ \big (X>Y\big )\rightarrow \big (X\big ) ? \big (Y\big ) \big ]))\lvert }+\big [ \big (X>Y\big )\rightarrow \big (X\big ) ? \big (Y\big ) \big ]),keep
100,2,5,10,600,80,15,20,MSE,134,8937.787279,3.17704E+11,2.03285E+11,8937.787279,23225139911,66,6704.44956,\big [ \big (X<(Y+\sqrt{\lvert (\sqrt{\lvert X\lvert }\cdot X)\lvert })\big )\rightarrow \big ((Y+\sqrt{\lvert (\sqrt{\lvert X\lvert }\cdot X)\lvert })\big ) ? \big (X\big ) \big ],keep
100,2,5,10,600,80,15,20,MSE,134,14552.95553,2.77E+17,2.77E+17,14552.95553,2.77E+16,66,10786.99858,(\big [ \big (X<Y\big )\rightarrow \big (Y\big ) ? \big (X\big ) \big ]+\big [ \big (X==X\big )\rightarrow \big (\sqrt{\lvert \big [ \big (X<Y\big )\rightarrow \big (Y\big ) ? \big (X\big ) \big ]\lvert }\big ) ? \big (X\big ) \big ]),keep
100,2,5,10,600,80,15,20,MSE,134,11400.15063,1.14413E+11,1.14394E+11,11400.15063,11439345491,66,8048.628401,((\sqrt{\lvert X\lvert }+\big [ \big (X<Y\big )\rightarrow \big (Y\big ) ? \big (X\big ) \big ])+\sqrt{\lvert X\lvert }),keep
100,2,5,10,800,80,15,20,MSE,134,8523.140003,1.14604E+11,1.14394E+11,8523.140003,11439160434,66,6164.697079,\frac{\big [ \big (Y>X\big )\rightarrow \big (Y\big ) ? \big (\big [ \big (Y>X\big )\rightarrow \big (X\big ) ? \big (Y\big ) \big ]\big ) \big ]}{\sin (\frac{\big [ \big (Y>X\big )\rightarrow \big (X\big ) ? \big (Y\big ) \big ]}{X})},keep
100,2,5,10,800,80,15,20,MSE,134,11286.9336,1.05535E+11,1.05508E+11,11286.9336,10550798981,66,8040.4941,((\big [ \big (Y>X\big )\rightarrow \big (Y\big ) ? \big (X\big ) \big ]+\sqrt{\lvert Y\lvert })+\sqrt{\lvert X\lvert }),keep
100,2,5,10,800,80,15,20,MSE,134,11400.15063,7.18E+16,7.18E+16,11400.15063,7.17934E+15,66,8048.628401,(\big [ \big (X>Y\big )\rightarrow \big (X\big ) ? \big (Y\big ) \big ]+(\sqrt{\lvert X\lvert }--(\sqrt{\lvert X\lvert }))),keep
100,2,5,10,800,80,15,20,MSE,134,13083.54021,2.04597E+11,2.04557E+11,13083.54021,20455638711,66,9476.730612,(\sqrt{\lvert (\big [ \big (Y>X\big )\rightarrow \big (Y\big ) ? \big (X\big ) \big ]+\big [ \big (Y>X\big )\rightarrow \big (Y\big ) ? \big (X\big ) \big ])\lvert }+\big [ \big (Y>Y\big )\rightarrow \big ((\big [ \big (Y>X\big )\rightarrow \big (Y\big ) ? \big (X\big ) \big ]+\big [ \big (Y>X\big )\rightarrow \big (Y\big ) ? \big (X\big ) \big ])\big ) ? \big (\big [ \big (Y>X\big )\rightarrow \big (Y\big ) ? \big (X\big ) \big ]\big ) \big ]),keep
100,2,5,10,800,80,15,20,MSE,134,9919.658809,14104492.09,1950079.094,9919.658809,301891.2397,66,7057.083959,(\big [ \big (Y<(X+\sqrt{\lvert Y\lvert })\big )\rightarrow \big ((X+\sqrt{\lvert Y\lvert })\big ) ? \big (Y\big ) \big ]+(\sqrt{\lvert Y\lvert }+\sqrt{\lvert Y\lvert })),keep
100,2,5,10,1000,80,15,20,MSE,134,9354.443063,2.94691E+11,2.1889E+11,9354.443063,23091452717,66,6345.300866,((\sqrt{\lvert (Y+X)\lvert }+\sqrt{\lvert (Y+X)\lvert })+\big [ \big (Y>X\big )\rightarrow \big (Y\big ) ? \big (X\big ) \big ]),keep
100,2,5,10,1000,80,15,20,MSE,134,14552.95553,62755198871,60912161280,14552.95553,6092102478,66,10786.99858,(\sqrt{\lvert \big [ \big (X<Y\big )\rightarrow \big (Y\big ) ? \big (X\big ) \big ]\lvert }+\big [ \big (X<Y\big )\rightarrow \big (Y\big ) ? \big (X\big ) \big ]),keep
100,2,5,10,1000,80,15,20,MSE,134,13026.23051,3.51561E+11,3.51536E+11,13026.23051,35153592731,66,9444.966584,\big [ \big (\sqrt{\lvert (\big [ \big (Y<X\big )\rightarrow \big (X\big ) ? \big (Y\big ) \big ]+\big [ \big (Y<X\big )\rightarrow \big (X\big ) ? \big (Y\big ) \big ])\lvert }>X\big )\rightarrow \big (\big [ \big (Y<X\big )\rightarrow \big (X\big ) ? \big (Y\big ) \big ]\big ) ? \big ((\sqrt{\lvert (\big [ \big (Y<X\big )\rightarrow \big (X\big ) ? \big (Y\big ) \big ]+\big [ \big (Y<X\big )\rightarrow \big (X\big ) ? \big (Y\big ) \big ])\lvert }+\big [ \big (Y<X\big )\rightarrow \big (X\big ) ? \big (Y\big ) \big ])\big ) \big ],keep
100,2,5,10,1000,80,15,20,MSE,134,13083.54021,16646905.31,3792147.764,13083.54021,472779.8432,66,9476.730612,(\sqrt{\lvert (\big [ \big (X<Y\big )\rightarrow \big (Y\big ) ? \big (X\big ) \big ]+\big [ \big (X<Y\big )\rightarrow \big (Y\big ) ? \big (X\big ) \big ])\lvert }+\big [ \big (X<Y\big )\rightarrow \big (Y\big ) ? \big (X\big ) \big ]),keep
100,2,5,10,1000,80,15,20,MSE,134,13026.23051,6.69757E+11,4.58554E+11,13026.23051,49967012650,66,9444.966584,\big [ \big (\sqrt{\lvert (\big [ \big (Y>X\big )\rightarrow \big (Y\big ) ? \big (X\big ) \big ]+\big [ \big (Y>X\big )\rightarrow \big (Y\big ) ? \big (X\big ) \big ])\lvert }<X\big )\rightarrow \big ((\sqrt{\lvert (\big [ \big (Y>X\big )\rightarrow \big (Y\big ) ? \big (X\big ) \big ]+\big [ \big (Y>X\big )\rightarrow \big (Y\big ) ? \big (X\big ) \big ])\lvert }+\big [ \big (Y>X\big )\rightarrow \big (Y\big ) ? \big (X\big ) \big ])\big ) ? \big (Y\big ) \big ],keep
100,2,5,15,200,80,15,20,MSE,134,12892.51556,62720162905,62707258485,12892.51556,6270712821,66,9579.918574,(\big [ \big ((X--(\sqrt{\lvert Y\lvert }))>Y\big )\rightarrow \big ((X--(\sqrt{\lvert Y\lvert }))\big ) ? \big (Y\big ) \big ]+\sqrt{\lvert Y\lvert }),keep
100,2,5,15,200,80,15,20,MSE,134,13083.54021,9.02456E+11,9.0244E+11,13083.54021,90244011723,66,9476.730612,(\big [ \big (X==\big [ \big (X<Y\big )\rightarrow \big (X\big ) ? \big (Y\big ) \big ]\big )\rightarrow \big (Y\big ) ? \big (X\big ) \big ]+\sqrt{\lvert (\big [ \big (X==\big [ \big (X<Y\big )\rightarrow \big (X\big ) ? \big (Y\big ) \big ]\big )\rightarrow \big (Y\big ) ? \big (X\big ) \big ]+\big [ \big (X==\big [ \big (X<Y\big )\rightarrow \big (X\big ) ? \big (Y\big ) \big ]\big )\rightarrow \big (Y\big ) ? \big (X\big ) \big ])\lvert }),keep
100,2,5,15,200,80,15,20,MSE,134,14552.95553,1.04667E+14,1.04386E+14,14552.95553,1.04383E+13,66,10786.99858,(\big [ \big (X<Y\big )\rightarrow \big (Y\big ) ? \big (X\big ) \big ]+\sqrt{\lvert \big [ \big (X<Y\big )\rightarrow \big (Y\big ) ? \big (X\big ) \big ]\lvert }),keep
100,2,5,15,200,80,15,20,MSE,134,14009.38331,1.15087E+11,1.15067E+11,14009.38331,11506656063,66,10298.99524,(\big [ \big (Y>X\big )\rightarrow \big (Y\big ) ? \big (X\big ) \big ]+\sqrt{\lvert \big [ \big (Y>X\big )\rightarrow \big ((Y+Y)\big ) ? \big (Y\big ) \big ]\lvert }),keep
100,2,5,15,200,80,15,20,MSE,134,19071.54883,13626233.8,1950079.094,19071.54883,295132.5657,66,14797.87205,\big [ \big (X<\cos (Y)\big )\rightarrow \big (\big [ \big (\big [ \big (Y<X\big )\rightarrow \big (X\big ) ? \big (Y\big ) \big ]>X\big )\rightarrow \big (\cos (Y)\big ) ? \big (Y\big ) \big ]\big ) ? \big (\big [ \big (Y<X\big )\rightarrow \big (X\big ) ? \big (Y\big ) \big ]\big ) \big ],keep
100,2,5,15,400,80,15,20,MSE,134,13083.54021,22012080.48,8471342.564,13083.54021,899259.1545,66,9476.730612,(\sqrt{\lvert (\big [ \big (X>Y\big )\rightarrow \big (X\big ) ? \big (Y\big ) \big ]+\big [ \big (X>Y\big )\rightarrow \big (X\big ) ? \big (Y\big ) \big ])\lvert }+\big [ \big (X>Y\big )\rightarrow \big (X\big ) ? \big (Y\big ) \big ]),keep
100,2,5,15,400,80,15,20,MSE,134,18245.77882,15642224.12,1950079.094,18245.77882,403370.807,66,16016.03299,(\big [ \big (X<Y\big )\rightarrow \big (Y\big ) ? \big (X\big ) \big ]-\tan ((Y-X))),keep
100,2,5,15,400,80,15,20,MSE,134,11400.15063,83033867005,83023214639,11400.15063,8302310709,66,8048.628401,((\sqrt{\lvert X\lvert }+\sqrt{\lvert X\lvert })+\big [ \big (X>Y\big )\rightarrow \big (X\big ) ? \big (Y\big ) \big ]),keep
100,2,5,15,400,80,15,20,MSE,134,13205.09296,5.21456E+11,4.58554E+11,13205.09296,46221591982,66,9667.813729,(\big [ \big (X<Y\big )\rightarrow \big (Y\big ) ? \big (X\big ) \big ]+\sqrt{\lvert (Y+X)\lvert }),keep
100,2,5,15,400,80,15,20,MSE,134,11365.54328,2.89229E+12,2.37129E+12,11365.54328,2.3858E+11,66,8072.291804,(\sqrt{\lvert ((Y+X)+(Y+X))\lvert }+\big [ \big (X>Y\big )\rightarrow \big (X\big ) ? \big (Y\big ) \big ]),keep
100,2,5,15,600,80,15,20,MSE,134,12892.51556,8.01095E+12,7.89541E+12,12892.51556,7.89507E+11,66,9579.918574,(\big [ \big ((\sqrt{\lvert Y\lvert }+X)<Y\big )\rightarrow \big (Y\big ) ? \big ((\sqrt{\lvert Y\lvert }+X)\big ) \big ]+\sqrt{\lvert Y\lvert }),keep
100,2,5,15,600,80,15,20,MSE,134,13205.09296,1.14407E+11,1.14394E+11,13205.09296,11439351934,66,9667.813729,(\big [ \big (X<Y\big )\rightarrow \big (Y\big ) ? \big (X\big ) \big ]+\sqrt{\lvert (X+Y)\lvert }),keep
100,2,5,15,600,80,15,20,MSE,134,13083.54021,4.58566E+11,4.58554E+11,13083.54021,45855407594,66,9476.730612,(\big [ \big (Y<X\big )\rightarrow \big (X\big ) ? \big (Y\big ) \big ]+\sqrt{\lvert (\big [ \big (Y<X\big )\rightarrow \big (X\big ) ? \big (Y\big ) \big ]+\big [ \big (Y<X\big )\rightarrow \big (X\big ) ? \big (Y\big ) \big ])\lvert }),keep
100,2,5,15,600,80,15,20,MSE,134,14552.95553,1.71112E+14,1.70965E+14,14552.95553,1.70964E+13,66,10786.99858,(\big [ \big (X<Y\big )\rightarrow \big (Y\big ) ? \big (X\big ) \big ]+\sqrt{\lvert \big [ \big (X<Y\big )\rightarrow \big (Y\big ) ? \big (X\big ) \big ]\lvert }),keep
100,2,5,15,600,80,15,20,MSE,134,11400.15063,7.25E+16,7.25E+16,11400.15063,7.25449E+15,66,8048.628401,(\sqrt{\lvert X\lvert }--((\big [ \big (X<Y\big )\rightarrow \big (Y\big ) ? \big (X\big ) \big ]+\sqrt{\lvert X\lvert }))),keep
100,2,5,15,800,80,15,20,MSE,134,4936.917982,1.04919E+13,1.02886E+13,4936.917982,1.02886E+12,66,3310.224712,(\sqrt{\lvert (\sqrt{\lvert Y\lvert }\cdot X)\lvert }+\big [ \big (Y<X\big )\rightarrow \big (X\big ) ? \big (Y\big ) \big ]),keep
100,2,5,15,800,80,15,20,MSE,134,11286.9336,307954804.9,291065407.1,11286.9336,29091358.21,66,8040.4941,(\sqrt{\lvert X\lvert }+(\sqrt{\lvert Y\lvert }+\big [ \big (X<Y\big )\rightarrow \big (Y\big ) ? \big (X\big ) \big ])),keep
100,2,5,15,800,80,15,20,MSE,134,11286.9336,4.23533E+11,2.19889E+11,11286.9336,29794266385,66,8040.4941,(\sqrt{\lvert X\lvert }+(\big [ \big (Y<X\big )\rightarrow \big (X\big ) ? \big (Y\big ) \big ]+\sqrt{\lvert Y\lvert })),keep
100,2,5,15,800,80,15,20,MSE,134,11365.54328,7.16E+16,7.16E+16,11365.54328,7.15833E+15,66,8072.291804,(\big [ \big (Y<X\big )\rightarrow \big (X\big ) ? \big (Y\big ) \big ]+\sqrt{\lvert ((X+Y)+(X+Y))\lvert }),keep
100,2,5,15,800,80,15,20,MSE,134,11282.44359,2.18907E+11,2.1889E+11,11282.44359,21888959754,66,7919.076654,((\sqrt{\lvert X\lvert }+\big [ \big (Y<X\big )\rightarrow \big (X\big ) ? \big (Y\big ) \big ])+\sqrt{\lvert (\sqrt{\lvert X\lvert }+\big [ \big (Y<X\big )\rightarrow \big (X\big ) ? \big (Y\big ) \big ])\lvert }),keep
100,2,5,15,1000,80,15,20,MSE,134,13083.54021,6.35911E+11,5.73921E+11,13083.54021,57663447331,66,9476.730612,(\big [ \big (Y<X\big )\rightarrow \big (X\big ) ? \big (Y\big ) \big ]+\sqrt{\lvert (\big [ \big (Y<X\big )\rightarrow \big (X\big ) ? \big (Y\big ) \big ]+\big [ \big (Y<X\big )\rightarrow \big (X\big ) ? \big (Y\big ) \big ])\lvert }),keep
100,2,5,15,1000,80,15,20,MSE,134,11286.9336,7.16E+16,7.16E+16,11286.9336,7.15833E+15,66,8040.4941,((\sqrt{\lvert Y\lvert }+\sqrt{\lvert X\lvert })+\big [ \big (X>Y\big )\rightarrow \big (X\big ) ? \big (Y\big ) \big ]),keep
100,2,5,15,1000,80,15,20,MSE,134,9354.443063,2.18912E+11,2.1889E+11,9354.443063,21888955541,66,6345.300866,(\big [ \big (Y<X\big )\rightarrow \big (X\big ) ? \big (Y\big ) \big ]+(\sqrt{\lvert (X+Y)\lvert }+\sqrt{\lvert (X+Y)\lvert })),keep
100,2,5,15,1000,80,15,20,MSE,134,11400.15063,2.29781E+11,1.15375E+11,11400.15063,16164979604,66,8048.628401,(\frac{(X+X)}{\sqrt{\lvert X\lvert }}+\big [ \big (X>Y\big )\rightarrow \big (X\big ) ? \big (Y\big ) \big ]),keep
100,2,5,15,1000,80,15,20,MSE,134,13205.09296,3.15956E+12,2.14184E+12,13205.09296,2.29013E+11,66,9667.813729,(\sqrt{\lvert (X+Y)\lvert }+\big [ \big (Y>X\big )\rightarrow \big (Y\big ) ? \big (X\big ) \big ]),keep
100,2,5,20,200,80,15,20,MSE,134,13083.54021,6.88808E+11,5.73921E+11,13083.54021,58400414257,66,9476.730612,(\big [ \big (Y<X\big )\rightarrow \big (X\big ) ? \big (Y\big ) \big ]+\big [ \big (\big [ \big (Y<X\big )\rightarrow \big (X\big ) ? \big (Y\big ) \big ]>(\big [ \big (Y<X\big )\rightarrow \big (X\big ) ? \big (Y\big ) \big ]+\big [ \big (Y<X\big )\rightarrow \big (X\big ) ? \big (Y\big ) \big ])\big )\rightarrow \big (Y\big ) ? \big (\sqrt{\lvert (\big [ \big (Y<X\big )\rightarrow \big (X\big ) ? \big (Y\big ) \big ]+\big [ \big (Y<X\big )\rightarrow \big (X\big ) ? \big (Y\big ) \big ])\lvert }\big ) \big ]),keep
100,2,5,20,200,80,15,20,MSE,134,19071.54883,4.22739E+11,2.19429E+11,19071.54883,29761175232,66,14797.87205,\big [ \big (\big [ \big (\big [ \big (Y>X\big )\rightarrow \big (Y\big ) ? \big ((X\cdot Y)\big ) \big ]==Y\big )\rightarrow \big (Y\big ) ? \big (X\big ) \big ]<\big [ \big (\big [ \big (Y>X\big )\rightarrow \big (Y\big ) ? \big ((X\cdot Y)\big ) \big ]==Y\big )\rightarrow \big (Y\big ) ? \big (X\big ) \big ]\big )\rightarrow \big (\big [ \big (\big [ \big (Y>X\big )\rightarrow \big (Y\big ) ? \big ((X\cdot Y)\big ) \big ]==Y\big )\rightarrow \big (Y\big ) ? \big (X\big ) \big ]\big ) ? \big (\big [ \big (\big [ \big (Y>X\big )\rightarrow \big (Y\big ) ? \big ((X\cdot Y)\big ) \big ]==Y\big )\rightarrow \big (Y\big ) ? \big (X\big ) \big ]\big ) \big ],keep
100,2,5,20,200,80,15,20,MSE,134,19071.54883,164734171.6,149230069.9,19071.54883,14912002.35,66,14797.87205,\big [ \big (Y>\big [ \big (Y<X\big )\rightarrow \big (X\big ) ? \big (Y\big ) \big ]\big )\rightarrow \big (Y\big ) ? \big (\big [ \big (Y<X\big )\rightarrow \big (X\big ) ? \big (Y\big ) \big ]\big ) \big ],keep
100,2,5,20,200,80,15,20,MSE,134,11400.15063,2.04575E+11,2.04557E+11,11400.15063,20455660974,66,8048.628401,((\big [ \big (X<Y\big )\rightarrow \big (Y\big ) ? \big (X\big ) \big ]+\sqrt{\lvert X\lvert })+\sqrt{\lvert X\lvert }),keep
100,2,5,20,200,80,15,20,MSE,134,10931.89121,7.16E+16,7.16E+16,10931.89121,7.15833E+15,66,7458.203547,(\sqrt{\lvert (X+X)\lvert }+\big [ \big ((Y+\sqrt{\lvert (X+X)\lvert })>X\big )\rightarrow \big ((Y+\sqrt{\lvert (X+X)\lvert })\big ) ? \big (X\big ) \big ]),keep
100,2,5,20,400,80,15,20,MSE,134,14552.95553,3.34281E+11,2.1889E+11,14552.95553,24640189591,66,10786.99858,(\big [ \big (X<Y\big )\rightarrow \big (Y\big ) ? \big (X\big ) \big ]+\sqrt{\lvert \big [ \big (X<Y\big )\rightarrow \big (Y\big ) ? \big (X\big ) \big ]\lvert }),keep
100,2,5,20,400,80,15,20,MSE,134,13083.54021,12886573478,12875460315,13083.54021,1287534842,66,9476.730612,(\big [ \big (X>Y\big )\rightarrow \big (X\big ) ? \big (Y\big ) \big ]+\sqrt{\lvert (\big [ \big (X>Y\big )\rightarrow \big (X\big ) ? \big (Y\big ) \big ]+\big [ \big (X>Y\big )\rightarrow \big (X\big ) ? \big (Y\big ) \big ])\lvert }),keep
100,2,5,20,400,80,15,20,MSE,134,16697.43236,4.23433E+11,2.19889E+11,16697.43236,29771513554,66,12746.67212,\big [ \big (Y>(X+\sqrt{\lvert X\lvert })\big )\rightarrow \big (Y\big ) ? \big ((X+\sqrt{\lvert X\lvert })\big ) \big ],keep
100,2,5,20,400,80,15,20,MSE,134,14739.70794,3.33916E+11,2.19143E+11,14739.70794,24617162003,66,10971.38659,(\big [ \big (X<Y\big )\rightarrow \big (Y\big ) ? \big (X\big ) \big ]+\sqrt{\lvert X\lvert }),keep
100,2,5,20,400,80,15,20,MSE,134,13205.09296,4.37801E+11,2.18894E+11,13205.09296,30799254186,66,9667.813729,(\big [ \big (Y>X\big )\rightarrow \big (Y\big ) ? \big (X\big ) \big ]+\sqrt{\lvert (Y+X)\lvert }),keep
100,2,5,20,600,80,15,20,MSE,134,11400.15063,6.66913E+11,5.73921E+11,11400.15063,58043482695,66,8048.628401,((\sqrt{\lvert X\lvert }+\sqrt{\lvert X\lvert })+\big [ \big (Y>X\big )\rightarrow \big (Y\big ) ? \big (X\big ) \big ]),keep
100,2,5,20,600,80,15,20,MSE,134,14552.95553,1.14796E+11,1.14394E+11,14552.95553,11439024133,66,10786.99858,(\big [ \big (\big [ \big (X<\big [ \big (Y>X\big )\rightarrow \big (Y\big ) ? \big (X\big ) \big ]\big )\rightarrow \big (Y\big ) ? \big (X\big ) \big ]==\big [ \big (Y>X\big )\rightarrow \big (Y\big ) ? \big (X\big ) \big ]\big )\rightarrow \big (\big [ \big (Y>X\big )\rightarrow \big (Y\big ) ? \big (X\big ) \big ]\big ) ? \big (X\big ) \big ]+\sqrt{\lvert \big [ \big (Y>X\big )\rightarrow \big (Y\big ) ? \big (X\big ) \big ]\lvert }),keep
100,2,5,20,600,80,15,20,MSE,134,13083.54021,2.18566E+11,2.18554E+11,13083.54021,21855411126,66,9476.730612,(\big [ \big (Y>X\big )\rightarrow \big (Y\big ) ? \big (X\big ) \big ]+\sqrt{\lvert (\big [ \big (Y>X\big )\rightarrow \big (Y\big ) ? \big (X\big ) \big ]+\big [ \big (Y>X\big )\rightarrow \big (Y\big ) ? \big (X\big ) \big ])\lvert }),keep
100,2,5,20,600,80,15,20,MSE,134,19071.54883,3.33946E+11,2.1889E+11,19071.54883,24624831317,66,14797.87205,\big [ \big (X<\big [ \big (Y==Y\big )\rightarrow \big (Y\big ) ? \big (Y\big ) \big ]\big )\rightarrow \big (Y\big ) ? \big (X\big ) \big ],keep
100,2,5,20,600,80,15,20,MSE,134,11365.54328,20838767.28,5247339.21,11365.54328,639308.264,66,8072.291804,(\sqrt{\lvert ((Y+X)+(Y+X))\lvert }+\big [ \big (X>Y\big )\rightarrow \big (X\big ) ? \big (Y\big ) \big ]),keep
100,2,5,20,800,80,15,20,MSE,134,11365.54328,19565688.49,4505685.189,11365.54328,546205.3951,66,8072.291804,(\sqrt{\lvert ((X+Y)+(X+Y))\lvert }+\big [ \big (X<Y\big )\rightarrow \big (Y\big ) ? \big (X\big ) \big ]),keep
100,2,5,20,800,80,15,20,MSE,134,14552.95553,34780070.16,18443596.6,14552.95553,1872957.76,66,10786.99858,(\sqrt{\lvert \big [ \big (X>Y\big )\rightarrow \big (X\big ) ? \big (Y\big ) \big ]\lvert }+\big [ \big (X>Y\big )\rightarrow \big (X\big ) ? \big (Y\big ) \big ]),keep
100,2,5,20,800,80,15,20,MSE,134,14552.95553,75823067311,75789162140,14552.95553,7578882151,66,10786.99858,(\big [ \big (Y>X\big )\rightarrow \big (Y\big ) ? \big (X\big ) \big ]+\sqrt{\lvert \big [ \big (Y>X\big )\rightarrow \big (Y\big ) ? \big (X\big ) \big ]\lvert }),keep
100,2,5,20,800,80,15,20,MSE,134,14739.70794,3.4329E+11,1.14406E+11,14739.70794,19593390753,66,10971.38659,(\sqrt{\lvert X\lvert }+\big [ \big (Y<X\big )\rightarrow \big (X\big ) ? \big (Y\big ) \big ]),keep
100,2,5,20,800,80,15,20,MSE,134,8523.140003,2.80732E+11,2.20226E+11,8523.140003,22777105481,66,6164.697079,\frac{Y}{\sin (\frac{\big [ \big (Y>X\big )\rightarrow \big (X\big ) ? \big (Y\big ) \big ]}{X})},keep
100,2,5,20,1000,80,15,20,MSE,134,13083.54021,8.37431E+12,8.05661E+12,13083.54021,8.05675E+11,66,9476.730612,(\sqrt{\lvert (\big [ \big (X>Y\big )\rightarrow \big (X\big ) ? \big (Y\big ) \big ]+\big [ \big (X>Y\big )\rightarrow \big (X\big ) ? \big (Y\big ) \big ])\lvert }+\big [ \big (X>Y\big )\rightarrow \big (X\big ) ? \big (Y\big ) \big ]),keep
100,2,5,20,1000,80,15,20,MSE,134,9354.443063,2429407309,2404403715,9354.443063,240417369.4,66,6345.300866,((\sqrt{\lvert (Y+X)\lvert }+\sqrt{\lvert (Y+X)\lvert })+\big [ \big (X<Y\big )\rightarrow \big (Y\big ) ? \big (X\big ) \big ]),keep
100,2,5,20,1000,80,15,20,MSE,134,11365.54328,1.71046E+11,1.71028E+11,11365.54328,17102819203,66,8072.291804,(\big [ \big (X>Y\big )\rightarrow \big (X\big ) ? \big (Y\big ) \big ]+\sqrt{\lvert ((Y+X)+(Y+X))\lvert }),keep
100,2,5,20,1000,80,15,20,MSE,134,9561.297393,4.14344E+11,2.1889E+11,9561.297393,25787030842,66,5247.914841,(((Y+X)\cdot \sin (\frac{Y}{Y}))\cdot \sin (\frac{Y}{Y})),keep
100,2,5,20,1000,80,15,20,MSE,134,16722.71804,2.18921E+11,2.1889E+11,16722.71804,21888946364,66,12540.61041,\big [ \big ((\sqrt{\lvert Y\lvert }+Y)>\big [ \big (Y<(\sqrt{\lvert Y\lvert }+Y)\big )\rightarrow \big (X\big ) ? \big (X\big ) \big ]\big )\rightarrow \big ((\sqrt{\lvert Y\lvert }+Y)\big ) ? \big (\big [ \big (Y<(\sqrt{\lvert Y\lvert }+Y)\big )\rightarrow \big (X\big ) ? \big (X\big ) \big ]\big ) \big ],keep
100,2,5,25,200,80,15,20,MSE,134,16697.43236,15716427.08,3205874.269,16697.43236,392651.4282,66,12746.67212,\big [ \big (\big [ \big (X>(X+\sqrt{\lvert X\lvert })\big )\rightarrow \big (Y\big ) ? \big (Y\big ) \big ]>(X+\sqrt{\lvert X\lvert })\big )\rightarrow \big (\big [ \big (X>(X+\sqrt{\lvert X\lvert })\big )\rightarrow \big (Y\big ) ? \big (Y\big ) \big ]\big ) ? \big ((X+\sqrt{\lvert X\lvert })\big ) \big ],keep
100,2,5,25,200,80,15,20,MSE,134,14739.70794,1.46E+17,1.46E+17,14739.70794,1.46E+16,66,10971.38659,(\sqrt{\lvert X\lvert }+\big [ \big (\big [ \big (X>\sqrt{\lvert X\lvert }\big )\rightarrow \big (X\big ) ? \big (X\big ) \big ]<\big [ \big (\big [ \big (X>\sqrt{\lvert X\lvert }\big )\rightarrow \big (X\big ) ? \big (X\big ) \big ]>\big [ \big (X>\sqrt{\lvert X\lvert }\big )\rightarrow \big (X\big ) ? \big (X\big ) \big ]\big )\rightarrow \big (\big [ \big (X>\sqrt{\lvert X\lvert }\big )\rightarrow \big (X\big ) ? \big (X\big ) \big ]\big ) ? \big (Y\big ) \big ]\big )\rightarrow \big (Y\big ) ? \big (X\big ) \big ]),keep
100,2,5,25,200,80,15,20,MSE,134,19071.54883,2.03314E+11,2.03285E+11,19071.54883,20328489421,66,14797.87205,\big [ \big (X>Y\big )\rightarrow \big (\big [ \big (\big [ \big (X==Y\big )\rightarrow \big (X\big ) ? \big (X\big ) \big ]<Y\big )\rightarrow \big (Y\big ) ? \big (X\big ) \big ]\big ) ? \big (\big [ \big (\big [ \big (X==Y\big )\rightarrow \big (X\big ) ? \big (X\big ) \big ]<Y\big )\rightarrow \big (Y\big ) ? \big (X\big ) \big ]\big ) \big ],keep
100,2,5,25,200,80,15,20,MSE,134,11407.72044,204894467.3,188908247.6,11407.72044,18878535.54,66,7974.82209,(\big [ \big (Y<X\big )\rightarrow \big (\sqrt{\lvert \big [ \big (X>Y\big )\rightarrow \big (X\big ) ? \big (Y\big ) \big ]\lvert }\big ) ? \big (\sqrt{\lvert \big [ \big (X>Y\big )\rightarrow \big (X\big ) ? \big (Y\big ) \big ]\lvert }\big ) \big ]+(\sqrt{\lvert \big [ \big (X>Y\big )\rightarrow \big (X\big ) ? \big (Y\big ) \big ]\lvert }+\big [ \big (X>Y\big )\rightarrow \big (X\big ) ? \big (Y\big ) \big ])),keep
100,2,5,25,200,80,15,20,MSE,134,16697.43236,1.14413E+11,1.14394E+11,16697.43236,11439345444,66,12746.67212,\big [ \big (\big [ \big (Y==X\big )\rightarrow \big (X\big ) ? \big (Y\big ) \big ]<(X+\sqrt{\lvert X\lvert })\big )\rightarrow \big ((X+\sqrt{\lvert X\lvert })\big ) ? \big (\big [ \big (Y==X\big )\rightarrow \big (X\big ) ? \big (Y\big ) \big ]\big ) \big ],keep
100,2,5,25,400,80,15,20,MSE,134,14552.95553,2.80133E+11,2.42438E+11,14552.95553,24494298788,66,10786.99858,(\sqrt{\lvert -(\big [ \big (X==\big [ \big (Y<X\big )\rightarrow \big (X\big ) ? \big (Y\big ) \big ]\big )\rightarrow \big (\big [ \big (Y<X\big )\rightarrow \big (X\big ) ? \big (Y\big ) \big ]\big ) ? \big (\big [ \big (Y<X\big )\rightarrow \big (X\big ) ? \big (Y\big ) \big ]\big ) \big ])\lvert }--(\big [ \big (X==\big [ \big (Y<X\big )\rightarrow \big (X\big ) ? \big (Y\big ) \big ]\big )\rightarrow \big (\big [ \big (Y<X\big )\rightarrow \big (X\big ) ? \big (Y\big ) \big ]\big ) ? \big (\big [ \big (Y<X\big )\rightarrow \big (X\big ) ? \big (Y\big ) \big ]\big ) \big ])),keep
100,2,5,25,400,80,15,20,MSE,134,11282.44359,5.36902E+11,2.1889E+11,11282.44359,31693126023,66,7919.076654,((\sqrt{\lvert X\lvert }+\big [ \big (Y<X\big )\rightarrow \big (X\big ) ? \big (Y\big ) \big ])+\sqrt{\lvert (\sqrt{\lvert X\lvert }+\big [ \big (Y<X\big )\rightarrow \big (X\big ) ? \big (Y\big ) \big ])\lvert }),keep
100,2,5,25,400,80,15,20,MSE,134,13205.09296,2.03318E+11,2.03285E+11,13205.09296,20328485810,66,9667.813729,(\big [ \big (Y<X\big )\rightarrow \big (X\big ) ? \big (Y\big ) \big ]+\sqrt{\lvert (X+Y)\lvert }),keep
100,2,5,25,400,80,15,20,MSE,134,11400.15063,17376537.61,1904061.311,11400.15063,377200.6614,66,8048.628401,(\sqrt{\lvert X\lvert }+(\big [ \big (X>Y\big )\rightarrow \big (X\big ) ? \big (Y\big ) \big ]+\sqrt{\lvert X\lvert })),keep
100,2,5,25,400,80,15,20,MSE,134,11400.15063,4.2252E+11,2.1889E+11,11400.15063,29744391742,66,8048.628401,((\big [ \big (Y<X\big )\rightarrow \big (X\big ) ? \big (Y\big ) \big ]+\sqrt{\lvert X\lvert })+\sqrt{\lvert X\lvert }),keep
100,2,5,25,600,80,15,20,MSE,134,9354.443063,2.04582E+11,2.04557E+11,9354.443063,20455653351,66,6345.300866,((\sqrt{\lvert (X+Y)\lvert }+\sqrt{\lvert (X+Y)\lvert })+\big [ \big (Y>X\big )\rightarrow \big (Y\big ) ? \big (X\big ) \big ]),keep
100,2,5,25,600,80,15,20,MSE,134,9354.443063,2.18912E+11,2.1889E+11,9354.443063,21888955433,66,6345.300866,(\big [ \big (Y<X\big )\rightarrow \big (X\big ) ? \big (Y\big ) \big ]+(\sqrt{\lvert (Y+X)\lvert }+\sqrt{\lvert (Y+X)\lvert })),keep
100,2,5,25,600,80,15,20,MSE,134,14731.74309,1.14669E+11,1.14406E+11,14731.74309,11440376943,66,10965.86985,(\big [ \big (X>Y\big )\rightarrow \big (X\big ) ? \big (Y\big ) \big ]+\big [ \big (Y<\big [ \big (\sqrt{\lvert X\lvert }>Y\big )\rightarrow \big (\big [ \big (X>Y\big )\rightarrow \big (X\big ) ? \big (Y\big ) \big ]\big ) ? \big (\sqrt{\lvert X\lvert }\big ) \big ]\big )\rightarrow \big (Y\big ) ? \big (\big [ \big (\sqrt{\lvert X\lvert }>Y\big )\rightarrow \big (\big [ \big (X>Y\big )\rightarrow \big (X\big ) ? \big (Y\big ) \big ]\big ) ? \big (\sqrt{\lvert X\lvert }\big ) \big ]\big ) \big ]),keep
100,2,5,25,600,80,15,20,MSE,134,14535.64596,1.14405E+11,1.14394E+11,14535.64596,11439353841,66,10784.01785,(\big [ \big (Y>X\big )\rightarrow \big (Y\big ) ? \big (X\big ) \big ]+\big [ \big (X>\sqrt{\lvert \big [ \big (Y>X\big )\rightarrow \big (Y\big ) ? \big (X\big ) \big ]\lvert }\big )\rightarrow \big (\sqrt{\lvert \big [ \big (Y>X\big )\rightarrow \big (Y\big ) ? \big (X\big ) \big ]\lvert }\big ) ? \big (X\big ) \big ]),keep
100,2,5,25,600,80,15,20,MSE,134,13205.09296,1.2703E+13,1.23853E+13,13205.09296,1.23842E+12,66,9667.813729,(\big [ \big (Y<X\big )\rightarrow \big (X\big ) ? \big (Y\big ) \big ]+\sqrt{\lvert (Y+X)\lvert }),keep
100,2,5,25,800,80,15,20,MSE,134,11365.54328,145140410.2,128176278,11365.54328,12807056.04,66,8072.291804,(\big [ \big (X>Y\big )\rightarrow \big (X\big ) ? \big (Y\big ) \big ]+\sqrt{\lvert ((Y+X)+(Y+X))\lvert }),keep
100,2,5,25,800,80,15,20,MSE,134,14541.76178,20752474.52,6351560.5,14541.76178,691523.1495,66,10780.53019,\big [ \big (\sqrt{\lvert \big [ \big (X>Y\big )\rightarrow \big (X\big ) ? \big (Y\big ) \big ]\lvert }>Y\big )\rightarrow \big (X\big ) ? \big ((\sqrt{\lvert \big [ \big (X>Y\big )\rightarrow \big (X\big ) ? \big (Y\big ) \big ]\lvert }+\big [ \big (X>Y\big )\rightarrow \big (X\big ) ? \big (Y\big ) \big ])\big ) \big ],keep
100,2,5,25,800,80,15,20,MSE,134,13083.54021,19673934.1,3716109.492,13083.54021,496434.6802,66,9476.730612,(\sqrt{\lvert (\big [ \big (Y>X\big )\rightarrow \big (Y\big ) ? \big (X\big ) \big ]+\big [ \big (Y>X\big )\rightarrow \big (Y\big ) ? \big (X\big ) \big ])\lvert }--(\big [ \big (Y>X\big )\rightarrow \big (Y\big ) ? \big (X\big ) \big ])),keep
100,2,5,25,800,80,15,20,MSE,134,11186.85437,3.48044E+12,3.26152E+12,11186.85437,3.26665E+11,66,7952.266432,\big [ \big (X<(((\sqrt{\lvert X\lvert }+\sqrt{\lvert X\lvert })+Y)+(\sqrt{\lvert X\lvert }+\sqrt{\lvert X\lvert }))\big )\rightarrow \big ((((\sqrt{\lvert X\lvert }+\sqrt{\lvert X\lvert })+Y)+(\sqrt{\lvert X\lvert }+\sqrt{\lvert X\lvert }))\big ) ? \big (X\big ) \big ],keep
100,2,5,25,800,80,15,20,MSE,134,11365.54328,7.24267E+11,2.03293E+11,11365.54328,36489661922,66,8072.291804,(\big [ \big (Y>X\big )\rightarrow \big (Y\big ) ? \big (X\big ) \big ]+\sqrt{\lvert ((X+Y)+(X+Y))\lvert }),keep
100,2,5,25,1000,80,15,20,MSE,134,15944.56539,2.03354E+11,2.03285E+11,15944.56539,20328449724,66,11786.36377,\big [ \big (X<(Y--(\sqrt{\lvert (Y+Y)\lvert }))\big )\rightarrow \big ((Y--(\sqrt{\lvert (Y+Y)\lvert }))\big ) ? \big (X\big ) \big ],keep
100,2,5,25,1000,80,15,20,MSE,134,11365.54328,1.67878E+11,1.14394E+11,11365.54328,12553574027,66,8072.291804,(\sqrt{\lvert ((Y+X)+(Y+X))\lvert }+\big [ \big (X<Y\big )\rightarrow \big (Y\big ) ? \big (X\big ) \big ]),keep
100,2,5,25,1000,80,15,20,MSE,134,4936.917982,2.18899E+11,2.1889E+11,4936.917982,21888968223,66,3310.224712,(\big [ \big (Y<X\big )\rightarrow \big (X\big ) ? \big (Y\big ) \big ]+\sqrt{\lvert (\sqrt{\lvert Y\lvert }\cdot X)\lvert }),keep
100,2,5,25,1000,80,15,20,MSE,134,13083.54021,3.15E+16,3.15E+16,13083.54021,3.15156E+15,66,9476.730612,(\big [ \big (Y>X\big )\rightarrow \big (Y\big ) ? \big (X\big ) \big ]+\sqrt{\lvert (\big [ \big (Y>X\big )\rightarrow \big (Y\big ) ? \big (X\big ) \big ]--(\big [ \big (Y>X\big )\rightarrow \big (Y\big ) ? \big (X\big ) \big ]))\lvert }),keep
100,2,5,25,1000,80,15,20,MSE,134,2855.887501,1.65E+18,1.65E+18,2855.887501,1.65E+17,66,2910.170702,\sqrt{\lvert (\big [ \big (Y>X\big )\rightarrow \big (Y\big ) ? \big (X\big ) \big ]\cdot \big [ \big (\big [ \big (Y>X\big )\rightarrow \big (Y\big ) ? \big (X\big ) \big ]==\big [ \big (Y>X\big )\rightarrow \big (Y\big ) ? \big (X\big ) \big ]\big )\rightarrow \big ((Y+X)\big ) ? \big ((Y+X)\big ) \big ])\lvert },keep
100,2,5,30,200,80,15,20,MSE,134,15829.175,2.97934E+14,2.97343E+14,15829.175,2.97338E+13,66,11957.67919,\big [ \big ((\sqrt{\lvert (X+X)\lvert }+X)<Y\big )\rightarrow \big (Y\big ) ? \big ((\sqrt{\lvert (X+X)\lvert }+X)\big ) \big ],ignore
100,2,5,30,200,80,15,20,MSE,134,13083.54021,2.79235E+11,2.03285E+11,13083.54021,21628632983,66,9476.730612,\big [ \big (Y<(\sqrt{\lvert (\big [ \big (Y>X\big )\rightarrow \big (Y\big ) ? \big (X\big ) \big ]+\big [ \big (Y>X\big )\rightarrow \big (Y\big ) ? \big (X\big ) \big ])\lvert }+\big [ \big (Y>X\big )\rightarrow \big (Y\big ) ? \big (X\big ) \big ])\big )\rightarrow \big ((\sqrt{\lvert (\big [ \big (Y>X\big )\rightarrow \big (Y\big ) ? \big (X\big ) \big ]+\big [ \big (Y>X\big )\rightarrow \big (Y\big ) ? \big (X\big ) \big ])\lvert }+\big [ \big (Y>X\big )\rightarrow \big (Y\big ) ? \big (X\big ) \big ])\big ) ? \big (Y\big ) \big ],ignore
100,2,5,30,200,80,15,20,MSE,134,14552.95553,1.90619E+11,1.14394E+11,14552.95553,13677529346,66,10786.99858,(\big [ \big (Y>Y\big )\rightarrow \big (\sqrt{\lvert \big [ \big (X>Y\big )\rightarrow \big (X\big ) ? \big (Y\big ) \big ]\lvert }\big ) ? \big (\big [ \big (X>Y\big )\rightarrow \big (X\big ) ? \big (Y\big ) \big ]\big ) \big ]+\sqrt{\lvert \big [ \big (X>Y\big )\rightarrow \big (X\big ) ? \big (Y\big ) \big ]\lvert }),ignore
100,2,5,30,200,80,15,20,MSE,134,13083.54021,1.06744E+12,8.76893E+11,13083.54021,88559226460,66,9476.730612,(\big [ \big (Y>X\big )\rightarrow \big (Y\big ) ? \big (X\big ) \big ]+\sqrt{\lvert (\big [ \big (Y>X\big )\rightarrow \big (Y\big ) ? \big (X\big ) \big ]+\big [ \big (Y>X\big )\rightarrow \big (Y\big ) ? \big (X\big ) \big ])\lvert }),ignore
100,2,5,30,200,80,15,20,MSE,134,11365.54328,8.92885E+11,5.73921E+11,11365.54328,61655761536,66,8072.291804,(\sqrt{\lvert ((X+Y)+(X+Y))\lvert }+\big [ \big (Y<X\big )\rightarrow \big (X\big ) ? \big (Y\big ) \big ]),ignore
100,2,5,30,400,80,15,20,MSE,134,13205.09296,2.30117E+11,1.15375E+11,13205.09296,16188554200,66,9667.813729,(\sqrt{\lvert (Y+X)\lvert }+\big [ \big (Y<X\big )\rightarrow \big (X\big ) ? \big (Y\big ) \big ]),ignore
100,2,5,30,400,80,15,20,MSE,134,13083.54021,7.98E+17,7.98E+17,13083.54021,7.98E+16,66,9476.730612,(\sqrt{\lvert (\big [ \big (X>Y\big )\rightarrow \big (X\big ) ? \big (Y\big ) \big ]+\big [ \big (X>Y\big )\rightarrow \big (X\big ) ? \big (Y\big ) \big ])\lvert }+\big [ \big ((\big [ \big (X>Y\big )\rightarrow \big (X\big ) ? \big (Y\big ) \big ]+\big [ \big (X>Y\big )\rightarrow \big (X\big ) ? \big (Y\big ) \big ])==X\big )\rightarrow \big (X\big ) ? \big (\big [ \big (X>Y\big )\rightarrow \big (X\big ) ? \big (Y\big ) \big ]\big ) \big ]),ignore
100,2,5,30,400,80,15,20,MSE,134,13083.54021,2.19902E+11,2.19889E+11,13083.54021,21988843247,66,9476.730612,(\big [ \big (X>Y\big )\rightarrow \big (X\big ) ? \big (Y\big ) \big ]+\sqrt{\lvert (\big [ \big (X>Y\big )\rightarrow \big (X\big ) ? \big (Y\big ) \big ]+\big [ \big (X>Y\big )\rightarrow \big (X\big ) ? \big (Y\big ) \big ])\lvert }),ignore
100,2,5,30,400,80,15,20,MSE,134,11286.9336,2.41645E+11,2.4163E+11,11286.9336,24163001436,66,8040.4941,(\big [ \big (Y>X\big )\rightarrow \big (Y\big ) ? \big (X\big ) \big ]+(\sqrt{\lvert X\lvert }+\sqrt{\lvert Y\lvert })),ignore
100,2,5,30,400,80,15,20,MSE,134,14552.95553,2.03428E+11,2.03285E+11,14552.95553,20328378590,66,10786.99858,(\sqrt{\lvert \big [ \big (X>Y\big )\rightarrow \big (X\big ) ? \big (Y\big ) \big ]\lvert }+\big [ \big (X>Y\big )\rightarrow \big (X\big ) ? \big (Y\big ) \big ]),ignore
100,2,5,30,200,80,15,20,MSE,134,14552.955533603144,1041555394105.0393,1041541427526.2987,14552.955533603144,104154128645.52489,66,10786.998583067807,(\sqrt{\lvert \big [ \big (X<Y\big )\rightarrow \big (Y\big ) ? \big (X\big ) \big ]\lvert }+\big [ \big (X<Y\big )\rightarrow \big (Y\big ) ? \big (X\big ) \big ])
100,2,5,30,200,80,15,20,MSE,134,18984.600793036574,17854986.816798784,1950079.094369246,18984.600793036574,402862.6564918142,66,14732.107904144503,\big [ \big ((X-\tan (X))==\tan (X)\big )\rightarrow \big (\big [ \big ((X-\tan (X))>Y\big )\rightarrow \big (\big [ \big (X<(X-\tan (X))\big )\rightarrow \big ((X-\tan (X))\big ) ? \big (X\big ) \big ]\big ) ? \big (Y\big ) \big ]\big ) ? \big (\big [ \big ((X-\tan (X))>Y\big )\rightarrow \big (\big [ \big (X<(X-\tan (X))\big )\rightarrow \big ((X-\tan (X))\big ) ? \big (X\big ) \big ]\big ) ? \big (Y\big ) \big ]\big ) \big ]
100,2,5,30,200,80,15,20,MSE,134,14747.465315294472,114410951878.28154,114393650774.57718,14747.465315294472,11439347610.62256,66,11053.24187533187,(\sqrt{\lvert \big [ \big (Y<X\big )\rightarrow \big (Y\big ) ? \big (\big [ \big (X>Y\big )\rightarrow \big (X\big ) ? \big (Y\big ) \big ]\big ) \big ]\lvert }+\big [ \big (X>Y\big )\rightarrow \big (X\big ) ? \big (Y\big ) \big ])
100,2,5,30,200,80,15,20,MSE,134,16697.43235884252,7.158353981076118e+16,7.158333226391002e+16,16697.43235884252,7158333016762764.0,66,12746.672116457657,\big [ \big (Y>(X+\sqrt{\lvert X\lvert })\big )\rightarrow \big (Y\big ) ? \big ((X+\sqrt{\lvert X\lvert })\big ) \big ]
100,2,5,30,200,80,15,20,MSE,134,7697.8867558985985,334643030882.4528,220225877853.20703,7697.8867558985985,24713609122.434395,66,4914.29384787257,((\big [ \big (X<Y\big )\rightarrow \big (Y\big ) ? \big (X\big ) \big ]+(\sqrt{\lvert X\lvert }+\sqrt{\lvert X\lvert }))+(\sqrt{\lvert X\lvert }+\sqrt{\lvert X\lvert }))
100,2,5,30,400,80,15,20,MSE,134,15127.965878255782,115396371883.06587,115375301084.10944,15127.965878255782,11537508837.931,66,11864.789125174646,\big [ \big (Y>X\big )\rightarrow \big (\big [ \big (X<(Y-X)\big )\rightarrow \big (Y\big ) ? \big ((Y+(Y-X))\big ) \big ]\big ) ? \big (X\big ) \big ]
100,2,5,30,400,80,15,20,MSE,134,13083.540212697999,203634538952.68405,203618887635.4515,13083.540212697999,20361872958.229923,66,9476.730611637433,(\big [ \big (Y<X\big )\rightarrow \big (X\big ) ? \big (Y\big ) \big ]+\sqrt{\lvert (\big [ \big (Y<X\big )\rightarrow \big (X\big ) ? \big (Y\big ) \big ]+\big [ \big (Y<X\big )\rightarrow \big (X\big ) ? \big (Y\big ) \big ])\lvert })
100,2,5,30,400,80,15,20,MSE,134,14552.955533603144,317690404140.1387,203285187031.8369,14552.955533603144,23225182841.615433,66,10786.998583067807,(\big [ \big (Y<X\big )\rightarrow \big (X\big ) ? \big (Y\big ) \big ]+\sqrt{\lvert \big [ \big (Y<X\big )\rightarrow \big (X\big ) ? \big (Y\big ) \big ]\lvert })
100,2,5,30,400,80,15,20,MSE,134,14552.955533603144,317690173079.7782,203285187031.8369,14552.955533603144,23225183160.265667,66,10786.998583067807,\big [ \big ((\sqrt{\lvert \big [ \big (Y<\big [ \big (X==X\big )\rightarrow \big (X\big ) ? \big (Y\big ) \big ]\big )\rightarrow \big (X\big ) ? \big (Y\big ) \big ]\lvert }+\big [ \big (Y<\big [ \big (X==X\big )\rightarrow \big (X\big ) ? \big (Y\big ) \big ]\big )\rightarrow \big (X\big ) ? \big (Y\big ) \big ])<\big [ \big (X==X\big )\rightarrow \big (X\big ) ? \big (Y\big ) \big ]\big )\rightarrow \big (X\big ) ? \big ((\sqrt{\lvert \big [ \big (Y<\big [ \big (X==X\big )\rightarrow \big (X\big ) ? \big (Y\big ) \big ]\big )\rightarrow \big (X\big ) ? \big (Y\big ) \big ]\lvert }+\big [ \big (Y<\big [ \big (X==X\big )\rightarrow \big (X\big ) ? \big (Y\big ) \big ]\big )\rightarrow \big (X\big ) ? \big (Y\big ) \big ])\big ) \big ]
